<?xml version='1.0' encoding='utf-8'?>
<project xmlns:ns1="http://www.plcopen.org/xml/tc6_0201" xmlns:xhtml="http://www.w3.org/1999/xhtml" xmlns:xsd="http://www.w3.org/2001/XMLSchema" xmlns="http://www.plcopen.org/xml/tc6_0201">
  <fileHeader companyName="Desconocido" productName="Sin nombre" productVersion="1" creationDateTime="2023-09-27T20:37:38"/>
  <contentHeader name="Sin nombre" modificationDateTime="2023-10-03T20:56:37">
    <coordinateInfo>
      <fbd>
        <scaling x="10" y="10"/>
      </fbd>
      <ld>
        <scaling x="10" y="10"/>
      </ld>
      <sfc>
        <scaling x="10" y="10"/>
      </sfc>
    </coordinateInfo>
  </contentHeader>
  <types>
    <dataTypes/>
    <pous>
      <pou name="program0" pouType="program">
        <interface>
          <localVars>
            <variable name="start" address="%IX0.0">
              <type>
                <BOOL/>
              </type>
            </variable>
            <variable name="stop" address="%IX0.1">
              <type>
                <BOOL/>
              </type>
            </variable>
          </localVars>
          <localVars>
            <variable name="encendido">
              <type>
                <BOOL/>
              </type>
            </variable>
          </localVars>
          <localVars>
            <variable name="banda" address="%QX0.0">
              <type>
                <BOOL/>
              </type>
            </variable>
            <variable name="proximidad1" address="%IX0.2">
              <type>
                <BOOL/>
              </type>
            </variable>
            <variable name="bomba" address="%QX0.1">
              <type>
                <BOOL/>
              </type>
            </variable>
            <variable name="nivel" address="%IX0.3">
              <type>
                <BOOL/>
              </type>
            </variable>
          </localVars>
          <localVars>
            <variable name="reactiva">
              <type>
                <BOOL/>
              </type>
            </variable>
          </localVars>
          <localVars>
            <variable name="proximidad2" address="%IX0.4">
              <type>
                <BOOL/>
              </type>
            </variable>
            <variable name="tapador" address="%QX0.2">
              <type>
                <BOOL/>
              </type>
            </variable>
          </localVars>
          <localVars>
            <variable name="tapado_check">
              <type>
                <BOOL/>
              </type>
            </variable>
            <variable name="aux">
              <type>
                <BOOL/>
              </type>
            </variable>
            <variable name="reactiva2">
              <type>
                <BOOL/>
              </type>
            </variable>
          </localVars>
        </interface>
        <body>
          <LD>
            <leftPowerRail localId="1" height="800" width="10">
              <position x="200" y="30"/>
              <connectionPointOut formalParameter="">
                <relPosition x="10" y="20"/>
              </connectionPointOut>
              <connectionPointOut formalParameter="">
                <relPosition x="10" y="60"/>
              </connectionPointOut>
              <connectionPointOut formalParameter="">
                <relPosition x="10" y="100"/>
              </connectionPointOut>
              <connectionPointOut formalParameter="">
                <relPosition x="10" y="140"/>
              </connectionPointOut>
              <connectionPointOut formalParameter="">
                <relPosition x="10" y="180"/>
              </connectionPointOut>
              <connectionPointOut formalParameter="">
                <relPosition x="10" y="220"/>
              </connectionPointOut>
              <connectionPointOut formalParameter="">
                <relPosition x="10" y="260"/>
              </connectionPointOut>
              <connectionPointOut formalParameter="">
                <relPosition x="10" y="300"/>
              </connectionPointOut>
              <connectionPointOut formalParameter="">
                <relPosition x="10" y="340"/>
              </connectionPointOut>
              <connectionPointOut formalParameter="">
                <relPosition x="10" y="380"/>
              </connectionPointOut>
              <connectionPointOut formalParameter="">
                <relPosition x="10" y="420"/>
              </connectionPointOut>
              <connectionPointOut formalParameter="">
                <relPosition x="10" y="460"/>
              </connectionPointOut>
              <connectionPointOut formalParameter="">
                <relPosition x="10" y="500"/>
              </connectionPointOut>
              <connectionPointOut formalParameter="">
                <relPosition x="10" y="540"/>
              </connectionPointOut>
              <connectionPointOut formalParameter="">
                <relPosition x="10" y="580"/>
              </connectionPointOut>
              <connectionPointOut formalParameter="">
                <relPosition x="10" y="620"/>
              </connectionPointOut>
              <connectionPointOut formalParameter="">
                <relPosition x="10" y="660"/>
              </connectionPointOut>
              <connectionPointOut formalParameter="">
                <relPosition x="10" y="700"/>
              </connectionPointOut>
              <connectionPointOut formalParameter="">
                <relPosition x="10" y="740"/>
              </connectionPointOut>
              <connectionPointOut formalParameter="">
                <relPosition x="10" y="780"/>
              </connectionPointOut>
            </leftPowerRail>
            <rightPowerRail localId="2" height="800" width="10">
              <position x="810" y="30"/>
              <connectionPointIn>
                <relPosition x="0" y="20"/>
                <connection refLocalId="5">
                  <position x="810" y="50"/>
                  <position x="561" y="50"/>
                </connection>
              </connectionPointIn>
              <connectionPointIn>
                <relPosition x="0" y="60"/>
              </connectionPointIn>
              <connectionPointIn>
                <relPosition x="0" y="100"/>
              </connectionPointIn>
              <connectionPointIn>
                <relPosition x="0" y="140"/>
                <connection refLocalId="19">
                  <position x="810" y="170"/>
                  <position x="681" y="170"/>
                </connection>
              </connectionPointIn>
              <connectionPointIn>
                <relPosition x="0" y="180"/>
              </connectionPointIn>
              <connectionPointIn>
                <relPosition x="0" y="220"/>
              </connectionPointIn>
              <connectionPointIn>
                <relPosition x="0" y="260"/>
                <connection refLocalId="13">
                  <position x="810" y="290"/>
                  <position x="571" y="290"/>
                </connection>
              </connectionPointIn>
              <connectionPointIn>
                <relPosition x="0" y="300"/>
                <connection refLocalId="17">
                  <position x="810" y="330"/>
                  <position x="511" y="330"/>
                </connection>
              </connectionPointIn>
              <connectionPointIn>
                <relPosition x="0" y="340"/>
                <connection refLocalId="48">
                  <position x="810" y="370"/>
                  <position x="611" y="370"/>
                </connection>
              </connectionPointIn>
              <connectionPointIn>
                <relPosition x="0" y="380"/>
                <connection refLocalId="56">
                  <position x="810" y="410"/>
                  <position x="611" y="410"/>
                </connection>
              </connectionPointIn>
              <connectionPointIn>
                <relPosition x="0" y="420"/>
              </connectionPointIn>
              <connectionPointIn>
                <relPosition x="0" y="460"/>
              </connectionPointIn>
              <connectionPointIn>
                <relPosition x="0" y="500"/>
              </connectionPointIn>
              <connectionPointIn>
                <relPosition x="0" y="540"/>
              </connectionPointIn>
              <connectionPointIn>
                <relPosition x="0" y="580"/>
              </connectionPointIn>
              <connectionPointIn>
                <relPosition x="0" y="620"/>
              </connectionPointIn>
              <connectionPointIn>
                <relPosition x="0" y="660"/>
              </connectionPointIn>
              <connectionPointIn>
                <relPosition x="0" y="700"/>
              </connectionPointIn>
              <connectionPointIn>
                <relPosition x="0" y="740"/>
              </connectionPointIn>
              <connectionPointIn>
                <relPosition x="0" y="780"/>
              </connectionPointIn>
            </rightPowerRail>
            <contact localId="3" height="20" width="21" negated="false">
              <position x="270" y="40"/>
              <connectionPointIn>
                <relPosition x="0" y="10"/>
                <connection refLocalId="1">
                  <position x="270" y="50"/>
                  <position x="210" y="50"/>
                </connection>
              </connectionPointIn>
              <connectionPointOut>
                <relPosition x="21" y="10"/>
              </connectionPointOut>
              <variable>start</variable>
            </contact>
            <contact localId="4" height="20" width="21" negated="false" executionOrderId="0">
              <position x="270" y="80"/>
              <connectionPointIn>
                <relPosition x="0" y="10"/>
                <connection refLocalId="1">
                  <position x="270" y="90"/>
                  <position x="210" y="90"/>
                </connection>
              </connectionPointIn>
              <connectionPointOut>
                <relPosition x="21" y="10"/>
              </connectionPointOut>
              <variable>encendido</variable>
            </contact>
            <coil localId="5" height="20" width="21" negated="false">
              <position x="540" y="40"/>
              <connectionPointIn>
                <relPosition x="0" y="10"/>
                <connection refLocalId="6">
                  <position x="540" y="50"/>
                  <position x="441" y="50"/>
                </connection>
              </connectionPointIn>
              <connectionPointOut>
                <relPosition x="21" y="10"/>
              </connectionPointOut>
              <variable>encendido</variable>
            </coil>
            <contact localId="6" height="20" width="21" negated="true">
              <position x="420" y="40"/>
              <connectionPointIn>
                <relPosition x="0" y="10"/>
                <connection refLocalId="3">
                  <position x="420" y="50"/>
                  <position x="291" y="50"/>
                </connection>
                <connection refLocalId="4">
                  <position x="420" y="50"/>
                  <position x="355" y="50"/>
                  <position x="355" y="90"/>
                  <position x="291" y="90"/>
                </connection>
              </connectionPointIn>
              <connectionPointOut>
                <relPosition x="21" y="10"/>
              </connectionPointOut>
              <variable>stop</variable>
            </contact>
            <contact localId="7" height="20" width="21" negated="false">
              <position x="270" y="160"/>
              <connectionPointIn>
                <relPosition x="0" y="10"/>
                <connection refLocalId="1">
                  <position x="270" y="170"/>
                  <position x="210" y="170"/>
                </connection>
              </connectionPointIn>
              <connectionPointOut>
                <relPosition x="21" y="10"/>
              </connectionPointOut>
              <variable>encendido</variable>
            </contact>
            <contact localId="8" height="20" width="21" negated="true">
              <position x="440" y="160"/>
              <connectionPointIn>
                <relPosition x="0" y="10"/>
                <connection refLocalId="43">
                  <position x="440" y="170"/>
                  <position x="380" y="170"/>
                  <position x="380" y="170"/>
                  <position x="371" y="170"/>
                </connection>
              </connectionPointIn>
              <connectionPointOut>
                <relPosition x="21" y="10"/>
              </connectionPointOut>
              <variable>proximidad1</variable>
            </contact>
            <contact localId="11" height="20" width="21" negated="false">
              <position x="270" y="280"/>
              <connectionPointIn>
                <relPosition x="0" y="10"/>
                <connection refLocalId="1">
                  <position x="270" y="290"/>
                  <position x="210" y="290"/>
                </connection>
              </connectionPointIn>
              <connectionPointOut>
                <relPosition x="21" y="10"/>
              </connectionPointOut>
              <variable>proximidad1</variable>
            </contact>
            <contact localId="12" height="20" width="21" negated="false">
              <position x="390" y="280"/>
              <connectionPointIn>
                <relPosition x="0" y="10"/>
                <connection refLocalId="11">
                  <position x="390" y="290"/>
                  <position x="291" y="290"/>
                </connection>
              </connectionPointIn>
              <connectionPointOut>
                <relPosition x="21" y="10"/>
              </connectionPointOut>
              <variable>encendido</variable>
            </contact>
            <coil localId="13" height="20" width="21" negated="false">
              <position x="550" y="280"/>
              <connectionPointIn>
                <relPosition x="0" y="10"/>
                <connection refLocalId="16">
                  <position x="550" y="290"/>
                  <position x="491" y="290"/>
                </connection>
              </connectionPointIn>
              <connectionPointOut>
                <relPosition x="21" y="10"/>
              </connectionPointOut>
              <variable>bomba</variable>
            </coil>
            <contact localId="14" height="20" width="21" negated="false">
              <position x="270" y="320"/>
              <connectionPointIn>
                <relPosition x="0" y="10"/>
                <connection refLocalId="1">
                  <position x="270" y="330"/>
                  <position x="210" y="330"/>
                </connection>
              </connectionPointIn>
              <connectionPointOut>
                <relPosition x="21" y="10"/>
              </connectionPointOut>
              <variable>nivel</variable>
            </contact>
            <contact localId="16" height="20" width="21" negated="true">
              <position x="470" y="280"/>
              <connectionPointIn>
                <relPosition x="0" y="10"/>
                <connection refLocalId="12">
                  <position x="470" y="290"/>
                  <position x="411" y="290"/>
                </connection>
              </connectionPointIn>
              <connectionPointOut>
                <relPosition x="21" y="10"/>
              </connectionPointOut>
              <variable>nivel</variable>
            </contact>
            <coil localId="17" height="20" width="21" negated="false">
              <position x="490" y="320"/>
              <connectionPointIn>
                <relPosition x="0" y="10"/>
                <connection refLocalId="44">
                  <position x="490" y="330"/>
                  <position x="381" y="330"/>
                </connection>
              </connectionPointIn>
              <connectionPointOut>
                <relPosition x="21" y="10"/>
              </connectionPointOut>
              <variable>reactiva</variable>
            </coil>
            <contact localId="18" height="20" width="21" negated="false">
              <position x="270" y="200"/>
              <connectionPointIn>
                <relPosition x="0" y="10"/>
                <connection refLocalId="1">
                  <position x="270" y="210"/>
                  <position x="210" y="210"/>
                </connection>
              </connectionPointIn>
              <connectionPointOut>
                <relPosition x="21" y="10"/>
              </connectionPointOut>
              <variable>reactiva</variable>
            </contact>
            <coil localId="19" height="20" width="21" negated="false">
              <position x="660" y="160"/>
              <connectionPointIn>
                <relPosition x="0" y="10"/>
                <connection refLocalId="50">
                  <position x="660" y="170"/>
                  <position x="610" y="170"/>
                  <position x="610" y="210"/>
                  <position x="401" y="210"/>
                </connection>
                <connection refLocalId="51">
                  <position x="660" y="170"/>
                  <position x="561" y="170"/>
                </connection>
                <connection refLocalId="53">
                  <position x="660" y="170"/>
                  <position x="622" y="170"/>
                  <position x="622" y="250"/>
                  <position x="400" y="250"/>
                </connection>
              </connectionPointIn>
              <connectionPointOut>
                <relPosition x="21" y="10"/>
              </connectionPointOut>
              <variable>banda</variable>
            </coil>
            <contact localId="43" height="20" width="21" negated="true">
              <position x="350" y="160"/>
              <connectionPointIn>
                <relPosition x="0" y="10"/>
                <connection refLocalId="7">
                  <position x="350" y="170"/>
                  <position x="291" y="170"/>
                </connection>
              </connectionPointIn>
              <connectionPointOut>
                <relPosition x="21" y="10"/>
              </connectionPointOut>
              <variable>aux</variable>
            </contact>
            <contact localId="44" height="20" width="21" negated="false">
              <position x="360" y="320"/>
              <connectionPointIn>
                <relPosition x="0" y="10"/>
                <connection refLocalId="14">
                  <position x="360" y="330"/>
                  <position x="291" y="330"/>
                </connection>
              </connectionPointIn>
              <connectionPointOut>
                <relPosition x="21" y="10"/>
              </connectionPointOut>
              <variable>encendido</variable>
            </contact>
            <contact localId="45" height="20" width="21" negated="false">
              <position x="270" y="360"/>
              <connectionPointIn>
                <relPosition x="0" y="10"/>
                <connection refLocalId="1">
                  <position x="270" y="370"/>
                  <position x="210" y="370"/>
                </connection>
              </connectionPointIn>
              <connectionPointOut>
                <relPosition x="21" y="10"/>
              </connectionPointOut>
              <variable>proximidad2</variable>
            </contact>
            <contact localId="46" height="20" width="21" negated="false">
              <position x="370" y="360"/>
              <connectionPointIn>
                <relPosition x="0" y="10"/>
                <connection refLocalId="45">
                  <position x="370" y="370"/>
                  <position x="291" y="370"/>
                </connection>
              </connectionPointIn>
              <connectionPointOut>
                <relPosition x="21" y="10"/>
              </connectionPointOut>
              <variable>encendido</variable>
            </contact>
            <contact localId="47" height="20" width="21" negated="true">
              <position x="470" y="360"/>
              <connectionPointIn>
                <relPosition x="0" y="10"/>
                <connection refLocalId="46">
                  <position x="470" y="370"/>
                  <position x="391" y="370"/>
                </connection>
              </connectionPointIn>
              <connectionPointOut>
                <relPosition x="21" y="10"/>
              </connectionPointOut>
              <variable>tapado_check</variable>
            </contact>
            <coil localId="48" height="20" width="21" negated="false">
              <position x="590" y="360"/>
              <connectionPointIn>
                <relPosition x="0" y="10"/>
                <connection refLocalId="47">
                  <position x="590" y="370"/>
                  <position x="491" y="370"/>
                </connection>
              </connectionPointIn>
              <connectionPointOut>
                <relPosition x="21" y="10"/>
              </connectionPointOut>
              <variable>tapador</variable>
            </coil>
            <contact localId="50" height="20" width="21" negated="true">
              <position x="380" y="200"/>
              <connectionPointIn>
                <relPosition x="0" y="10"/>
                <connection refLocalId="18">
                  <position x="380" y="210"/>
                  <position x="291" y="210"/>
                </connection>
              </connectionPointIn>
              <connectionPointOut>
                <relPosition x="21" y="10"/>
              </connectionPointOut>
              <variable>proximidad2</variable>
            </contact>
            <contact localId="51" height="20" width="21" negated="true">
              <position x="540" y="160"/>
              <connectionPointIn>
                <relPosition x="0" y="10"/>
                <connection refLocalId="8">
                  <position x="540" y="170"/>
                  <position x="461" y="170"/>
                </connection>
              </connectionPointIn>
              <connectionPointOut>
                <relPosition x="21" y="10"/>
              </connectionPointOut>
              <variable>proximidad2</variable>
            </contact>
            <contact localId="52" height="20" width="21" negated="false">
              <position x="280" y="400"/>
              <connectionPointIn>
                <relPosition x="0" y="10"/>
                <connection refLocalId="1">
                  <position x="280" y="410"/>
                  <position x="210" y="410"/>
                </connection>
              </connectionPointIn>
              <connectionPointOut>
                <relPosition x="21" y="10"/>
              </connectionPointOut>
              <variable>tapado_check</variable>
            </contact>
            <contact localId="53" height="20" width="21" negated="false">
              <position x="380" y="240"/>
              <connectionPointIn>
                <relPosition x="0" y="10"/>
                <connection refLocalId="54">
                  <position x="380" y="250"/>
                  <position x="301" y="250"/>
                </connection>
              </connectionPointIn>
              <connectionPointOut>
                <relPosition x="21" y="10"/>
              </connectionPointOut>
              <variable>reactiva2</variable>
            </contact>
            <contact localId="54" height="20" width="21" negated="false">
              <position x="280" y="240"/>
              <connectionPointIn>
                <relPosition x="0" y="10"/>
                <connection refLocalId="1">
                  <position x="280" y="250"/>
                  <position x="210" y="250"/>
                </connection>
              </connectionPointIn>
              <connectionPointOut>
                <relPosition x="21" y="10"/>
              </connectionPointOut>
              <variable>encendido</variable>
            </contact>
            <coil localId="56" height="20" width="21" negated="false">
              <position x="590" y="400"/>
              <connectionPointIn>
                <relPosition x="0" y="10"/>
                <connection refLocalId="57">
                  <position x="590" y="410"/>
                  <position x="390" y="410"/>
                </connection>
              </connectionPointIn>
              <connectionPointOut>
                <relPosition x="21" y="10"/>
              </connectionPointOut>
              <variable>reactiva2</variable>
            </coil>
            <contact localId="57" height="20" width="21" negated="false">
              <position x="370" y="400"/>
              <connectionPointIn>
                <relPosition x="0" y="10"/>
                <connection refLocalId="52">
                  <position x="370" y="410"/>
                  <position x="301" y="410"/>
                </connection>
              </connectionPointIn>
              <connectionPointOut>
                <relPosition x="21" y="10"/>
              </connectionPointOut>
              <variable>encendido</variable>
            </contact>
            <comment localId="55" height="120" width="410">
              <position x="820" y="30"/>
              <content>
                <xhtml:p><![CDATA[Utilizamos la varibale "encendido" para manejar el start y stop de nuestro sistema. Para que funcionen con pulsadores, además, más adelante la utilizamos para asegurarnos que el sistema se pueda apagar en cualquier fase, en caso de emergencia.]]></xhtml:p>
              </content>
            </comment>
            <comment localId="9" height="120" width="410">
              <position x="820" y="160"/>
              <content>
                <xhtml:p><![CDATA[Utilizamos la variables negadas para controlar el movimieto de la banda(Más especificamnte para que se deteng y se mueva como deseamos). La variable reactiva se utiliza para reacivar la banda una vez se llene la botella
]]></xhtml:p>
              </content>
            </comment>
            <comment localId="10" height="210" width="200">
              <position x="0" y="280"/>
              <content>
                <xhtml:p><![CDATA[Cuado llega al primer sensor de proximidad, activamos la bomba, la negación de la variable de nivel se sa para que la bomba pare una vez a botella se lleno al nivel indicado.]]></xhtml:p>
              </content>
            </comment>
            <comment localId="15" height="120" width="410">
              <position x="820" y="340"/>
              <content>
                <xhtml:p><![CDATA[Realizamos la misma lógica para la estación de tapado, donde el sensor de proximidad detiene la banda, y comienza el sistema tapador, hasa que llegué la confirmación de que ya se tapo y continua la banda]]></xhtml:p>
              </content>
            </comment>
          </LD>
        </body>
      </pou>
    </pous>
  </types>
  <instances>
    <configurations>
      <configuration name="Config0">
        <resource name="Res0">
          <task name="task0" priority="0" interval="T#250ms">
            <pouInstance name="instance0" typeName="program0"/>
          </task>
          <globalVars constant="true">
            <variable name="LocalVar0">
              <type>
                <DINT/>
              </type>
              <initialValue>
                <simpleValue value="5"/>
              </initialValue>
            </variable>
          </globalVars>
        </resource>
      </configuration>
    </configurations>
  </instances>
</project>
